diameter_mm,torque_nm,shear_stress_mpa,factor_of_safety,status
10,100,509.2958178940651,0.2945243112740431,FAIL
10,200,1018.5916357881302,0.14726215563702155,FAIL
10,300,1527.8874536821954,0.09817477042468102,FAIL
10,400,2037.1832715762605,0.07363107781851078,FAIL
10,500,2546.4790894703256,0.05890486225480862,FAIL
10,600,3055.774907364391,0.04908738521234051,FAIL
10,700,3565.0707252584557,0.042074901610577586,FAIL
10,800,4074.366543152521,0.03681553890925539,FAIL
10,900,4583.662361046586,0.032724923474893676,FAIL
10,1000,5092.958178940651,0.02945243112740431,FAIL
11,100,382.64148602108577,0.3920118583057513,FAIL
11,200,765.2829720421715,0.19600592915287565,FAIL
11,300,1147.9244580632574,0.13067061943525043,FAIL
11,400,1530.565944084343,0.09800296457643783,FAIL
11,500,1913.2074301054288,0.07840237166115027,FAIL
11,600,2295.8489161265147,0.06533530971762522,FAIL
11,700,2678.4904021476004,0.05600169404367876,FAIL
11,800,3061.131888168686,0.04900148228821891,FAIL
11,900,3443.773374189772,0.04355687314508348,FAIL
11,1000,3826.4148602108576,0.039201185830575136,FAIL
12,100,294.7313760961025,0.5089380098815465,FAIL
12,200,589.462752192205,0.25446900494077324,FAIL
12,300,884.1941282883075,0.16964600329384882,FAIL
12,400,1178.92550438441,0.12723450247038662,FAIL
12,500,1473.6568804805124,0.1017876019763093,FAIL
12,600,1768.388256576615,0.08482300164692441,FAIL
12,700,2063.1196326727177,0.07270542998307807,FAIL
12,800,2357.85100876882,0.06361725123519331,FAIL
12,900,2652.5823848649225,0.05654866776461628,FAIL
12,1000,2947.313760961025,0.05089380098815465,FAIL
13,100,231.8142093282044,0.6470699118690727,FAIL
13,200,463.6284186564088,0.32353495593453635,FAIL
13,300,695.4426279846132,0.21568997062302425,FAIL
13,400,927.2568373128177,0.16176747796726818,FAIL
13,500,1159.0710466410221,0.12941398237381455,FAIL
13,600,1390.8852559692264,0.10784498531151213,FAIL
13,700,1622.6994652974308,0.09243855883843896,FAIL
13,800,1854.5136746256353,0.08088373898363409,FAIL
13,900,2086.32788395384,0.07189665687434141,FAIL
13,1000,2318.1420932820442,0.06470699118690727,FAIL
14,100,185.60343217713742,0.8081747101359743,FAIL
14,200,371.20686435427484,0.40408735506798715,FAIL
14,300,556.8102965314122,0.2693915700453248,FAIL
14,400,742.4137287085497,0.20204367753399358,FAIL
14,500,928.0171608856871,0.16163494202719486,FAIL
14,600,1113.6205930628244,0.1346957850226624,FAIL
14,700,1299.2240252399617,0.11545353001942492,FAIL
14,800,1484.8274574170994,0.10102183876699679,FAIL
14,900,1670.4308895942368,0.08979719001510826,FAIL
14,1000,1856.0343217713742,0.08081747101359743,FAIL
15,100,150.90246456120448,0.9940195505498954,FAIL
15,200,301.80492912240896,0.4970097752749477,FAIL
15,300,452.7073936836134,0.3313398501832985,FAIL
15,400,603.6098582448179,0.24850488763747386,FAIL
15,500,754.5123228060223,0.1988039101099791,FAIL
15,600,905.4147873672268,0.16566992509164924,FAIL
15,700,1056.3172519284312,0.14200279293569937,FAIL
15,800,1207.2197164896359,0.12425244381873693,FAIL
15,900,1358.1221810508403,0.11044661672776616,FAIL
15,1000,1509.0246456120447,0.09940195505498955,FAIL
16,100,124.33979929054324,1.2063715789784806,FAIL
16,200,248.67959858108648,0.6031857894892403,FAIL
16,300,373.01939787162974,0.4021238596594935,FAIL
16,400,497.35919716217296,0.30159289474462014,FAIL
16,500,621.6989964527162,0.2412743157956961,FAIL
16,600,746.0387957432595,0.20106192982974674,FAIL
16,700,870.3785950338026,0.1723387969969258,FAIL
16,800,994.7183943243459,0.15079644737231007,FAIL
16,900,1119.0581936148892,0.1340412865531645,FAIL
16,1000,1243.3979929054324,0.12063715789784805,FAIL
17,100,103.66289800408407,1.4469979412893739,FAIL
17,200,207.32579600816814,0.7234989706446869,FAIL
17,300,310.9886940122522,0.48233264709645796,FAIL
17,400,414.6515920163363,0.36174948532234347,FAIL
17,500,518.3144900204204,0.28939958825787476,FAIL
17,600,621.9773880245044,0.24116632354822898,FAIL
17,700,725.6402860285885,0.20671399161276768,FAIL
17,800,829.3031840326726,0.18087474266117173,FAIL
17,900,932.9660820367567,0.16077754903215266,FAIL
17,1000,1036.6289800408408,0.14469979412893738,FAIL
18,100,87.32781513958592,1.7176657833502194,FAIL
18,200,174.65563027917185,0.8588328916751097,FAIL
18,300,261.9834454187578,0.5725552611167397,FAIL
18,400,349.3112605583437,0.42941644583755484,FAIL
18,500,436.6390756979296,0.34353315667004386,FAIL
18,600,523.9668908375156,0.28627763055836986,FAIL
18,700,611.2947059771014,0.24538082619288848,FAIL
18,800,698.6225211166874,0.21470822291877742,FAIL
18,900,785.9503362562733,0.1908517537055799,FAIL
18,1000,873.2781513958593,0.17176657833502193,FAIL
19,100,74.25219680624946,2.0201422510286617,PASS
19,200,148.50439361249892,1.0100711255143309,FAIL
19,300,222.75659041874837,0.6733807503428872,FAIL
19,400,297.00878722499783,0.5050355627571654,FAIL
19,500,371.2609840312473,0.40402845020573236,FAIL
19,600,445.51318083749675,0.3366903751714436,FAIL
19,700,519.7653776437462,0.2885917501469517,FAIL
19,800,594.0175744499957,0.2525177813785827,FAIL
19,900,668.2697712562451,0.22446025011429577,FAIL
19,1000,742.5219680624946,0.20201422510286618,FAIL
20,100,63.66197723675814,2.356194490192345,PASS
20,200,127.32395447351628,1.1780972450961724,FAIL
20,300,190.98593171027443,0.7853981633974482,FAIL
20,400,254.64790894703256,0.5890486225480862,FAIL
20,500,318.3098861837907,0.47123889803846897,FAIL
20,600,381.97186342054886,0.3926990816987241,FAIL
20,700,445.63384065730696,0.3365992128846207,FAIL
20,800,509.2958178940651,0.2945243112740431,FAIL
20,900,572.9577951308232,0.2617993877991494,FAIL
20,1000,636.6197723675814,0.23561944901923448,FAIL
21,100,54.99360953396665,2.727589646708913,PASS
21,200,109.9872190679333,1.3637948233544566,FAIL
21,300,164.98082860189993,0.9091965489029711,FAIL
21,400,219.9744381358666,0.6818974116772283,FAIL
21,500,274.96804766983325,0.5455179293417826,FAIL
21,600,329.96165720379986,0.45459827445148554,FAIL
21,700,384.9552667377665,0.389655663815559,FAIL
21,800,439.9488762717332,0.34094870583861414,FAIL
21,900,494.94248580569985,0.3030655163009903,FAIL
21,1000,549.9360953396665,0.2727589646708913,FAIL
22,100,47.83018575263572,3.1360948664460104,PASS
22,200,95.66037150527144,1.5680474332230052,FAIL
22,300,143.49055725790717,1.0453649554820035,FAIL
22,400,191.32074301054288,0.7840237166115026,FAIL
22,500,239.1509287631786,0.6272189732892022,FAIL
22,600,286.98111451581434,0.5226824777410017,FAIL
22,700,334.81130026845005,0.4480135523494301,FAIL
22,800,382.64148602108577,0.3920118583057513,FAIL
22,900,430.4716717737215,0.34845498516066786,FAIL
22,1000,478.3018575263572,0.3136094866446011,FAIL
23,100,41.8587834218842,3.583477295271283,PASS
23,200,83.7175668437684,1.7917386476356414,FAIL
23,300,125.57635026565261,1.1944924317570942,FAIL
23,400,167.4351336875368,0.8958693238178207,FAIL
23,500,209.29391710942102,0.7166954590542565,FAIL
23,600,251.15270053130521,0.5972462158785471,FAIL
23,700,293.0114839531894,0.5119253278958975,FAIL
23,800,334.8702673750736,0.44793466190891035,FAIL
23,900,376.7290507969578,0.39816414391903143,FAIL
23,1000,418.58783421884203,0.35834772952712823,FAIL
24,100,36.84142201201281,4.071504079052372,PASS
24,200,73.68284402402563,2.035752039526186,PASS
24,300,110.52426603603844,1.3571680263507906,FAIL
24,400,147.36568804805125,1.017876019763093,FAIL
24,500,184.20711006006405,0.8143008158104744,FAIL
24,600,221.04853207207688,0.6785840131753953,FAIL
24,700,257.8899540840897,0.5816434398646245,FAIL
24,800,294.7313760961025,0.5089380098815465,FAIL
24,900,331.5727981081153,0.4523893421169302,FAIL
24,1000,368.4142201201281,0.4071504079052372,FAIL
25,100,32.594932345220165,4.601942363656923,PASS
25,200,65.18986469044033,2.3009711818284617,PASS
25,300,97.7847970356605,1.533980787885641,FAIL
25,400,130.37972938088066,1.1504855909142309,FAIL
25,500,162.97466172610083,0.9203884727313847,FAIL
25,600,195.569594071321,0.7669903939428205,FAIL
25,700,228.16452641654118,0.6574203376652747,FAIL
25,800,260.7594587617613,0.5752427954571154,FAIL
25,900,293.3543911069815,0.5113269292952137,FAIL
25,1000,325.94932345220167,0.46019423636569234,FAIL
26,100,28.97677616602555,5.176559294952582,PASS
26,200,57.9535523320511,2.588279647476291,PASS
26,300,86.93032849807665,1.725519764984194,FAIL
26,400,115.9071046641022,1.2941398237381454,FAIL
26,500,144.88388083012777,1.0353118589905164,FAIL
26,600,173.8606569961533,0.862759882492097,FAIL
26,700,202.83743316217885,0.7395084707075117,FAIL
26,800,231.8142093282044,0.6470699118690727,FAIL
26,900,260.79098549423,0.5751732549947313,FAIL
26,1000,289.76776166025553,0.5176559294952582,FAIL
27,100,25.87490818950694,5.7971220188069905,PASS
27,200,51.74981637901388,2.8985610094034953,PASS
27,300,77.62472456852082,1.932374006268997,FAIL
27,400,103.49963275802776,1.4492805047017476,FAIL
27,500,129.3745409475347,1.1594244037613979,FAIL
27,600,155.24944913704164,0.9661870031344985,FAIL
27,700,181.1243573265486,0.8281602884009985,FAIL
27,800,206.99926551605552,0.7246402523508738,FAIL
27,900,232.87417370556247,0.6441246687563322,FAIL
27,1000,258.7490818950694,0.5797122018806989,FAIL
28,100,23.200429022142178,6.4653976810877944,PASS
28,200,46.400858044284355,3.2326988405438972,PASS
28,300,69.60128706642652,2.1551325603625986,PASS
28,400,92.80171608856871,1.6163494202719486,FAIL
28,500,116.00214511071088,1.293079536217559,FAIL
28,600,139.20257413285304,1.0775662801812993,FAIL
28,700,162.40300315499522,0.9236282401553993,FAIL
28,800,185.60343217713742,0.8081747101359743,FAIL
28,900,208.8038611992796,0.7183775201208661,FAIL
28,1000,232.00429022142177,0.6465397681087794,FAIL
29,100,20.88219352552647,7.183153427662637,PASS
29,200,41.76438705105294,3.5915767138313184,PASS
29,300,62.64658057657941,2.394384475887546,PASS
29,400,83.52877410210588,1.7957883569156592,FAIL
29,500,104.41096762763236,1.4366306855325273,FAIL
29,600,125.29316115315882,1.197192237943773,FAIL
29,700,146.1753546786853,1.0261647753803766,FAIL
29,800,167.05754820421177,0.8978941784578296,FAIL
29,900,187.93974172973824,0.7981281586291818,FAIL
29,1000,208.82193525526472,0.7183153427662636,FAIL
30,100,18.86280807015056,7.9521564043991635,PASS
30,200,37.72561614030112,3.9760782021995817,PASS
30,300,56.58842421045168,2.650718801466388,PASS
30,400,75.45123228060224,1.9880391010997909,FAIL
30,500,94.31404035075279,1.5904312808798329,FAIL
30,600,113.17684842090335,1.325359400733194,FAIL
30,700,132.0396564910539,1.136022343485595,FAIL
30,800,150.90246456120448,0.9940195505498954,FAIL
30,900,169.76527263135503,0.8835729338221293,FAIL
30,1000,188.62808070150558,0.7952156404399164,FAIL
31,100,17.095626796484346,8.774173757165016,PASS
31,200,34.19125359296869,4.387086878582508,PASS
31,300,51.28688038945303,2.924724585721673,PASS
31,400,68.38250718593738,2.193543439291254,PASS
31,500,85.47813398242172,1.7548347514330036,FAIL
31,600,102.57376077890606,1.4623622928608364,FAIL
31,700,119.66938757539042,1.2534533938807169,FAIL
31,800,136.76501437187477,1.096771719645627,FAIL
31,900,153.8606411683591,0.9749081952405575,FAIL
31,1000,170.95626796484345,0.8774173757165018,FAIL
32,100,15.542474911317905,9.650972631827845,PASS
32,200,31.08494982263581,4.825486315913922,PASS
32,300,46.62742473395372,3.216990877275948,PASS
32,400,62.16989964527162,2.412743157956961,PASS
32,500,77.71237455658952,1.9301945263655689,FAIL
32,600,93.25484946790743,1.608495438637974,FAIL
32,700,108.79732437922533,1.3787103759754065,FAIL
32,800,124.33979929054324,1.2063715789784806,FAIL
32,900,139.88227420186115,1.072330292425316,FAIL
32,1000,155.42474911317905,0.9650972631827844,FAIL
33,100,14.171906889669842,10.584320174255287,PASS
33,200,28.343813779339683,5.292160087127644,PASS
33,300,42.515720669009525,3.5281067247517623,PASS
33,400,56.68762755867937,2.646080043563822,PASS
33,500,70.85953444834921,2.1168640348510572,PASS
33,600,85.03144133801905,1.7640533623758812,FAIL
33,700,99.20334822768889,1.5120457391793267,FAIL
33,800,113.37525511735873,1.323040021781911,FAIL
33,900,127.54716200702858,1.1760355749172542,FAIL
33,1000,141.71906889669842,1.0584320174255286,FAIL
34,100,12.957862250510509,11.575983530314991,PASS
34,200,25.915724501021018,5.7879917651574955,PASS
34,300,38.873586751531526,3.8586611767716636,PASS
34,400,51.831449002042035,2.8939958825787477,PASS
34,500,64.78931125255255,2.315196706062998,PASS
34,600,77.74717350306305,1.9293305883858318,FAIL
34,700,90.70503575357357,1.6537119329021415,FAIL
34,800,103.66289800408407,1.4469979412893739,FAIL
34,900,116.62076025459459,1.2862203922572213,FAIL
34,1000,129.5786225051051,1.157598353031499,FAIL
35,100,11.878619659336795,12.627729845874597,PASS
35,200,23.75723931867359,6.313864922937299,PASS
35,300,35.63585897801039,4.209243281958199,PASS
35,400,47.51447863734718,3.1569324614686494,PASS
35,500,59.39309829668398,2.5255459691749196,PASS
35,600,71.27171795602078,2.1046216409790994,PASS
35,700,83.15033761535757,1.803961406553514,FAIL
35,800,95.02895727469436,1.5784662307343247,FAIL
35,900,106.90757693403117,1.4030810939860663,FAIL
35,1000,118.78619659336796,1.2627729845874598,FAIL
36,100,10.91597689244824,13.741326266801755,PASS
36,200,21.83195378489648,6.870663133400877,PASS
36,300,32.747930677344726,4.580442088933918,PASS
36,400,43.66390756979296,3.4353315667004387,PASS
36,500,54.5798844622412,2.748265253360351,PASS
36,600,65.49586135468945,2.290221044466959,PASS
36,700,76.41183824713768,1.9630466095431078,FAIL
36,800,87.32781513958592,1.7176657833502194,FAIL
36,900,98.24379203203416,1.5268140296446393,FAIL
36,1000,109.1597689244824,1.3741326266801754,FAIL
37,100,10.054603239572486,14.918539938964104,PASS
37,200,20.109206479144973,7.459269969482052,PASS
37,300,30.16380971871746,4.972846646321368,PASS
37,400,40.218412958289946,3.729634984741026,PASS
37,500,50.27301619786243,2.9837079877928208,PASS
37,600,60.32761943743492,2.486423323160684,PASS
37,700,70.3822226770074,2.1312199912805863,PASS
37,800,80.43682591657989,1.864817492370513,FAIL
37,900,90.49142915615238,1.6576155487737894,FAIL
37,1000,100.54603239572486,1.4918539938964104,FAIL
38,100,9.281524600781182,16.161138008229294,PASS
38,200,18.563049201562364,8.080569004114647,PASS
38,300,27.844573802343547,5.387046002743098,PASS
38,400,37.12609840312473,4.0402845020573235,PASS
38,500,46.40762300390591,3.232227601645859,PASS
38,600,55.68914760468709,2.693523001371549,PASS
38,700,64.97067220546828,2.3087340011756137,PASS
38,800,74.25219680624946,2.0201422510286617,PASS
38,900,83.53372140703064,1.7956820009143661,FAIL
38,1000,92.81524600781182,1.6161138008229294,FAIL
39,100,8.585711456600164,17.47088762046496,PASS
39,200,17.171422913200328,8.73544381023248,PASS
39,300,25.75713436980049,5.823629206821654,PASS
39,400,34.342845826400655,4.36772190511624,PASS
39,500,42.92855728300081,3.494177524092993,PASS
39,600,51.51426873960098,2.911814603410827,PASS
39,700,60.099980196201145,2.4958410886378517,PASS
39,800,68.68569165280131,2.18386095255812,PASS
39,900,77.27140310940148,1.941209735607218,FAIL
39,1000,85.85711456600163,1.7470887620464965,FAIL
40,100,7.957747154594768,18.84955592153876,PASS
40,200,15.915494309189535,9.42477796076938,PASS
40,300,23.873241463784304,6.283185307179585,PASS
40,400,31.83098861837907,4.71238898038469,PASS
40,500,39.78873577297384,3.7699111843077517,PASS
40,600,47.74648292756861,3.1415926535897927,PASS
40,700,55.70423008216337,2.6927937030769655,PASS
40,800,63.66197723675814,2.356194490192345,PASS
40,900,71.6197243913529,2.0943951023931953,PASS
40,1000,79.57747154594767,1.8849555921538759,FAIL
41,100,7.389559320005008,20.298910057318324,PASS
41,200,14.779118640010015,10.149455028659162,PASS
41,300,22.16867796001502,6.766303352439442,PASS
41,400,29.55823728002003,5.074727514329581,PASS
41,500,36.947796600025036,4.059782011463665,PASS
41,600,44.33735592003004,3.383151676219721,PASS
41,700,51.726915240035055,2.8998442939026177,PASS
41,800,59.11647456004006,2.5373637571647905,PASS
41,900,66.50603388004507,2.255434450813147,PASS
41,1000,73.89559320005007,2.0298910057318325,PASS
42,100,6.874201191745831,21.820717173671305,PASS
42,200,13.748402383491662,10.910358586835653,PASS
42,300,20.62260357523749,7.273572391223769,PASS
42,400,27.496804766983324,5.455179293417826,PASS
42,500,34.37100595872916,4.3641434347342605,PASS
42,600,41.24520715047498,3.6367861956118843,PASS
42,700,48.119408342220815,3.117245310524472,PASS
42,800,54.99360953396665,2.727589646708913,PASS
42,900,61.86781072571248,2.4245241304079226,PASS
42,1000,68.74201191745831,2.1820717173671302,PASS
43,100,6.405672681576026,23.416744416465345,PASS
43,200,12.811345363152052,11.708372208232673,PASS
43,300,19.21701804472808,7.805581472155115,PASS
43,400,25.622690726304103,5.854186104116336,PASS
43,500,32.02836340788013,4.683348883293069,PASS
43,600,38.43403608945616,3.9027907360775576,PASS
43,700,44.83970877103218,3.3452492023521923,PASS
43,800,51.24538145260821,2.927093052058168,PASS
43,900,57.651054134184236,2.6018604907183716,PASS
43,1000,64.05672681576026,2.3416744416465347,PASS
44,100,5.978773219079465,25.088758931568083,PASS
44,200,11.95754643815893,12.544379465784042,PASS
44,300,17.936319657238396,8.362919643856028,PASS
44,400,23.91509287631786,6.272189732892021,PASS
44,500,29.893866095397325,5.017751786313617,PASS
44,600,35.87263931447679,4.181459821928014,PASS
44,700,41.85141253355626,3.5841084187954406,PASS
44,800,47.83018575263572,3.1360948664460104,PASS
44,900,53.808958971715185,2.787639881285343,PASS
44,1000,59.78773219079465,2.5088758931568087,PASS
45,100,5.588980168933499,26.83852786484718,PASS
45,200,11.177960337866997,13.41926393242359,PASS
45,300,16.766940506800495,8.94617595494906,PASS
45,400,22.355920675733994,6.709631966211795,PASS
45,500,27.944900844667494,5.367705572969435,PASS
45,600,33.53388101360099,4.47308797747453,PASS
45,700,39.12286118253449,3.8340754092638827,PASS
45,800,44.71184135146799,3.3548159831058975,PASS
45,900,50.300821520401485,2.982058651649687,PASS
45,1000,55.88980168933499,2.6838527864847177,PASS
46,100,5.232347927735525,28.667818362170262,PASS
46,200,10.46469585547105,14.333909181085131,PASS
46,300,15.697043783206576,9.555939454056753,PASS
46,400,20.9293917109421,7.166954590542566,PASS
46,500,26.161739638677627,5.733563672434052,PASS
46,600,31.394087566413152,4.777969727028377,PASS
46,700,36.62643549414867,4.09540262316718,PASS
46,800,41.8587834218842,3.583477295271283,PASS
46,900,47.09113134961972,3.1853131513522515,PASS
46,1000,52.323479277355254,2.866781836217026,PASS
47,100,4.905423826069995,30.578397569404974,PASS
47,200,9.81084765213999,15.289198784702487,PASS
47,300,14.716271478209986,10.192799189801658,PASS
47,400,19.62169530427998,7.644599392351243,PASS
47,500,24.527119130349977,6.115679513880995,PASS
47,600,29.432542956419972,5.096399594900829,PASS
47,700,34.337966782489964,4.368342509914997,PASS
47,800,39.24339060855996,3.8222996961756217,PASS
47,900,44.148814434629955,3.3975997299338863,PASS
47,1000,49.054238260699954,3.0578397569404974,PASS
48,100,4.605177751501602,32.572032632418974,PASS
48,200,9.210355503003203,16.286016316209487,PASS
48,300,13.815533254504805,10.857344210806325,PASS
48,400,18.420711006006407,8.143008158104744,PASS
48,500,23.025888757508007,6.514406526483795,PASS
48,600,27.63106650900961,5.428672105403162,PASS
48,700,32.236244260511214,4.653147518916996,PASS
48,800,36.84142201201281,4.071504079052372,PASS
48,900,41.44659976351441,3.6191147369354417,PASS
48,1000,46.05177751501601,3.2572032632418977,PASS
49,100,4.328943024539648,34.650490697079896,PASS
49,200,8.657886049079297,17.325245348539948,PASS
49,300,12.986829073618944,11.5501635656933,PASS
49,400,17.315772098158593,8.662622674269974,PASS
49,500,21.64471512269824,6.93009813941598,PASS
49,600,25.973658147237888,5.77508178284665,PASS
49,700,30.30260117177754,4.950070099582843,PASS
49,800,34.631544196317186,4.331311337134987,PASS
49,900,38.960487220856834,3.8500545218977664,PASS
49,1000,43.28943024539648,3.46504906970799,PASS
50,100,4.074366543152521,36.81553890925539,PASS
50,200,8.148733086305041,18.407769454627694,PASS
50,300,12.223099629457563,12.271846303085129,PASS
50,400,16.297466172610083,9.203884727313847,PASS
50,500,20.371832715762604,7.3631077818510775,PASS
50,600,24.446199258915126,6.135923151542564,PASS
50,700,28.520565802067647,5.259362701322198,PASS
50,800,32.594932345220165,4.601942363656923,PASS
50,900,36.66929888837269,4.09061543436171,PASS
50,1000,40.74366543152521,3.6815538909255388,PASS
51,100,3.839366592743855,39.06894441481309,PASS
51,200,7.67873318548771,19.534472207406544,PASS
51,300,11.518099778231564,13.022981471604364,PASS
51,400,15.35746637097542,9.767236103703272,PASS
51,500,19.196832963719274,7.813788882962618,PASS
51,600,23.036199556463128,6.511490735802182,PASS
51,700,26.875566149206986,5.581277773544727,PASS
51,800,30.71493274195084,4.883618051851636,PASS
51,900,34.5542993346947,4.3409938238681205,PASS
51,1000,38.39366592743855,3.906894441481309,PASS
52,100,3.622097020753194,41.41247435962065,PASS
52,200,7.244194041506388,20.706237179810326,PASS
52,300,10.866291062259581,13.804158119873552,PASS
52,400,14.488388083012776,10.353118589905163,PASS
52,500,18.11048510376597,8.282494871924131,PASS
52,600,21.732582124519162,6.902079059936776,PASS
52,700,25.354679145272357,5.9160677656600935,PASS
52,800,28.97677616602555,5.176559294952582,PASS
52,900,32.59887318677875,4.60138603995785,PASS
52,1000,36.22097020753194,4.1412474359620655,PASS
53,100,3.4209167157725178,43.84789588954571,PASS
53,200,6.8418334315450355,21.923947944772856,PASS
53,300,10.262750147317552,14.615965296515238,PASS
53,400,13.683666863090071,10.961973972386428,PASS
53,500,17.104583578862588,8.769579177909144,PASS
53,600,20.525500294635105,7.307982648257619,PASS
53,700,23.94641701040762,6.26398512707796,PASS
53,800,27.367333726180142,5.480986986193214,PASS
53,900,30.78825044195266,4.871988432171746,PASS
53,1000,34.209167157725176,4.384789588954572,PASS
54,100,3.2343635236883674,46.376976150455924,PASS
54,200,6.468727047376735,23.188488075227962,PASS
54,300,9.703090571065102,15.458992050151975,PASS
54,400,12.93745409475347,11.594244037613981,PASS
54,500,16.17181761844184,9.275395230091183,PASS
54,600,19.406181142130205,7.729496025075988,PASS
54,700,22.640544665818574,6.625282307207988,PASS
54,800,25.87490818950694,5.7971220188069905,PASS
54,900,29.10927171319531,5.152997350050658,PASS
54,1000,32.34363523688368,4.6376976150455915,PASS
55,100,3.0611318881686858,49.001482288218924,PASS
55,200,6.1222637763373715,24.500741144109462,PASS
55,300,9.183395664506058,16.333827429406305,PASS
55,400,12.244527552674743,12.250370572054731,PASS
55,500,15.30565944084343,9.800296457643784,PASS
55,600,18.366791329012116,8.166913714703153,PASS
55,700,21.4279232171808,7.000211755459846,PASS
55,800,24.489055105349486,6.1251852860273654,PASS
55,900,27.550186993518174,5.444609143135435,PASS
55,1000,30.61131888168686,4.900148228821892,PASS
56,100,2.900053627767772,51.723181448702356,PASS
56,200,5.800107255535544,25.861590724351178,PASS
56,300,8.700160883303315,17.24106048290079,PASS
56,400,11.600214511071089,12.930795362175589,PASS
56,500,14.50026813883886,10.344636289740471,PASS
56,600,17.40032176660663,8.620530241450394,PASS
56,700,20.300375394374402,7.389025921243195,PASS
56,800,23.200429022142178,6.4653976810877944,PASS
56,900,26.10048264990995,5.747020160966929,PASS
56,1000,29.00053627767772,5.172318144870236,PASS
57,100,2.750081363194425,54.54384077777386,PASS
57,200,5.50016272638885,27.27192038888693,PASS
57,300,8.250244089583274,18.181280259257953,PASS
57,400,11.0003254527777,13.635960194443465,PASS
57,500,13.750406815972124,10.908768155554773,PASS
57,600,16.50048817916655,9.090640129628976,PASS
57,700,19.250569542360974,7.791977253967694,PASS
57,800,22.0006509055554,6.817980097221732,PASS
57,900,24.750732268749825,6.060426753085984,PASS
57,1000,27.500813631944247,5.454384077777386,PASS
58,100,2.610274190690809,57.465227421301094,PASS
58,200,5.220548381381618,28.732613710650547,PASS
58,300,7.830822572072426,19.155075807100367,PASS
58,400,10.441096762763236,14.366306855325274,PASS
58,500,13.051370953454045,11.493045484260218,PASS
58,600,15.661645144144853,9.577537903550184,PASS
58,700,18.271919334835662,8.209318203043013,PASS
58,800,20.88219352552647,7.183153427662637,PASS
58,900,23.49246771621728,6.385025269033455,PASS
58,1000,26.10274190690809,5.746522742130109,PASS
59,100,2.4797852647742227,60.4891085251517,PASS
59,200,4.959570529548445,30.24455426257585,PASS
59,300,7.439355794322669,20.163036175050564,PASS
59,400,9.91914105909689,15.122277131287925,PASS
59,500,12.398926323871114,12.09782170503034,PASS
59,600,14.878711588645338,10.081518087525282,PASS
59,700,17.35849685341956,8.641301217878814,PASS
59,800,19.83828211819378,7.5611385656439625,PASS
59,900,22.318067382968007,6.721012058350188,PASS
59,1000,24.79785264774223,6.04891085251517,PASS
60,100,2.35785100876882,63.61725123519331,PASS
60,200,4.71570201753764,31.808625617596654,PASS
60,300,7.07355302630646,21.205750411731103,PASS
60,400,9.43140403507528,15.904312808798327,PASS
60,500,11.789255043844099,12.723450247038663,PASS
60,600,14.14710605261292,10.602875205865551,PASS
60,700,16.504957061381738,9.08817874788476,PASS
60,800,18.86280807015056,7.9521564043991635,PASS
60,900,21.22065907891938,7.0685834705770345,PASS
60,1000,23.578510087688198,6.3617251235193315,PASS
